<?xml version="1.0" encoding="UTF-8"?>
<l:dependencies xmlns:l='licenses' groupId='org.jenkins-ci.plugins' artifactId='bitbucket' version='1.1.11'><l:dependency name='Jenkins Bitbucket Plugin' groupId='org.jenkins-ci.plugins' artifactId='bitbucket' version='1.1.11' url='https://wiki.jenkins-ci.org/display/JENKINS/BitBucket+Plugin'><l:description>integrate Jenkins with BitBucket.</l:description><l:license name='MIT' url='http://www.opensource.org/licenses/mit-license.php'/></l:dependency><l:dependency name='Apache Commons Lang' groupId='org.apache.commons' artifactId='commons-lang3' version='3.4' url='http://commons.apache.org/proper/commons-lang/'><l:description>Apache Commons Lang, a package of Java utility classes for the
  classes that are in java.lang's hierarchy, or are considered to be so
  standard as to justify existence in java.lang.</l:description><l:license name='Apache License, Version 2.0' url='http://www.apache.org/licenses/LICENSE-2.0.txt'/></l:dependency><l:dependency name='Jetty :: Websocket :: Client' groupId='org.eclipse.jetty.websocket' artifactId='websocket-client' version='9.2.13.v20150730' url='http://www.eclipse.org/jetty/websocket-client'><l:description>Administrative parent pom for Jetty modules</l:description><l:license name='Apache Software License - Version 2.0' url='http://www.apache.org/licenses/LICENSE-2.0'/><l:license name='Eclipse Public License - Version 1.0' url='http://www.eclipse.org/org/documents/epl-v10.php'/></l:dependency><l:dependency name='Simple API for CSS' groupId='org.w3c.css' artifactId='sac' version='1.3' url='http://www.w3.org/Style/CSS/SAC/'><l:description>SAC is a standard interface for CSS parsers.</l:description><l:license name='The W3C Software License' url='http://www.w3.org/Consortium/Legal/copyright-software-19980720'/></l:dependency><l:dependency name='HtmlUnit' groupId='net.sourceforge.htmlunit' artifactId='htmlunit' version='2.19' url='http://htmlunit.sourceforge.net'><l:description>A headless browser intended for use in testing web-based applications.</l:description><l:license name='Apache License, Version 2.0' url='http://www.apache.org/licenses/LICENSE-2.0.txt'/></l:dependency><l:dependency name='XML Commons External Components XML APIs' groupId='xml-apis' artifactId='xml-apis' version='1.4.01' url='http://xml.apache.org/commons/components/external/'><l:description>xml-commons provides an Apache-hosted set of DOM, SAX, and 
    JAXP interfaces for use in other xml-based projects. Our hope is that we 
    can standardize on both a common version and packaging scheme for these 
    critical XML standards interfaces to make the lives of both our developers 
    and users easier. The External Components portion of xml-commons contains 
    interfaces that are defined by external standards organizations. For DOM, 
    that's the W3C; for SAX it's David Megginson and sax.sourceforge.net; for 
    JAXP it's Sun.</l:description><l:license name='The Apache Software License, Version 2.0' url='http://www.apache.org/licenses/LICENSE-2.0.txt'/><l:license name='The SAX License' url='http://www.saxproject.org/copying.html'/><l:license name='The W3C License' url='http://www.w3.org/TR/2004/REC-DOM-Level-3-Core-20040407/java-binding.zip'/></l:dependency><l:dependency name='Folders Plugin' groupId='org.jenkins-ci.plugins' artifactId='cloudbees-folder' version='5.12' url='https://wiki.jenkins-ci.org/display/JENKINS/CloudBees+Folders+Plugin'><l:description>This plugin allows users to create "folders" to organize jobs. Users can define custom taxonomies (like
    by project type, organization type etc). Folders are nestable and you can define views within folders. Maintained by CloudBees, Inc.</l:description><l:license name='MIT' url='http://opensource.org/licenses/MIT'/></l:dependency><l:dependency name='Findbugs Annotations under Apache License' groupId='com.github.stephenc.findbugs' artifactId='findbugs-annotations' version='1.3.9-1' url='http://stephenc.github.com/findbugs-annotations'><l:description>A clean room implementation of the Findbugs Annotations based entirely on the specification provided
    by the javadocs and at http://findbugs.sourceforge.net/manual/annotations.html.</l:description><l:license name='Apache License, Version 2.0' url='http://www.apache.org/licenses/LICENSE-2.0.txt'/></l:dependency><l:dependency name='Commons IO' groupId='commons-io' artifactId='commons-io' version='2.4' url='http://commons.apache.org/io/'><l:description>The Commons IO library contains utility classes, stream implementations, file filters, 
file comparators, endian transformation classes, and much more.</l:description><l:license name='The Apache Software License, Version 2.0' url='http://www.apache.org/licenses/LICENSE-2.0.txt'/></l:dependency><l:dependency name='HtmlUnit Core JS' groupId='net.sourceforge.htmlunit' artifactId='htmlunit-core-js' version='2.17' url='http://htmlunit.sourceforge.net'><l:description>HtmlUnit adaptation of Mozilla Rhino Javascript engine for Java. 
		Changes are documented by a diff (rhinoDiff.txt) contained in the generated jar files.</l:description><l:license name='Mozilla Public License version 2.0' url='http://www.mozilla.org/MPL/2.0/'/></l:dependency><l:dependency name='Xalan Java Serializer' groupId='xalan' artifactId='serializer' version='2.7.2' url='http://xml.apache.org/xalan-j/'><l:description>Serializer to write out XML, HTML etc. as a stream of characters from an input DOM or from input
    SAX events.</l:description><l:license name='The Apache Software License, Version 2.0' url='http://www.apache.org/licenses/LICENSE-2.0.txt'/></l:dependency><l:dependency name='Xalan Java' groupId='xalan' artifactId='xalan' version='2.7.2' url='http://xml.apache.org/xalan-j/'><l:description>Xalan-Java is an XSLT processor for transforming XML documents into HTML,
    text, or other XML document types. It implements XSL Transformations (XSLT)
    Version 1.0 and XML Path Language (XPath) Version 1.0 and can be used from
    the command line, in an applet or a servlet, or as a module in other program.</l:description><l:license name='The Apache Software License, Version 2.0' url='http://www.apache.org/licenses/LICENSE-2.0.txt'/></l:dependency><l:dependency name='Apache HttpClient' groupId='org.apache.httpcomponents' artifactId='httpclient' version='4.5.1' url='http://hc.apache.org/httpcomponents-client'><l:description>Apache HttpComponents Client</l:description><l:license name='Apache License, Version 2.0' url='http://www.apache.org/licenses/LICENSE-2.0.txt'/></l:dependency><l:dependency name='Commons Collections' groupId='commons-collections' artifactId='commons-collections' version='3.2.1' url='http://commons.apache.org/collections/'><l:description>Types that extend and augment the Java Collections Framework.</l:description><l:license name='The Apache Software License, Version 2.0' url='http://www.apache.org/licenses/LICENSE-2.0.txt'/></l:dependency><l:dependency name='Apache HttpClient Mime' groupId='org.apache.httpcomponents' artifactId='httpmime' version='4.5.1' url='http://hc.apache.org/httpcomponents-client'><l:description>Apache HttpComponents HttpClient - MIME coded entities</l:description><l:license name='Apache License, Version 2.0' url='http://www.apache.org/licenses/LICENSE-2.0.txt'/></l:dependency><l:dependency name='Jetty :: IO Utility' groupId='org.eclipse.jetty' artifactId='jetty-io' version='9.2.13.v20150730' url='http://www.eclipse.org/jetty'><l:description>Administrative parent pom for Jetty modules</l:description><l:license name='Apache Software License - Version 2.0' url='http://www.apache.org/licenses/LICENSE-2.0'/><l:license name='Eclipse Public License - Version 1.0' url='http://www.eclipse.org/org/documents/epl-v10.php'/></l:dependency><l:dependency name='CSS Parser' groupId='net.sourceforge.cssparser' artifactId='cssparser' version='0.9.18' url='http://cssparser.sourceforge.net/'><l:description>A CSS parser which implements SAC (the Simple API for CSS).</l:description><l:license name='GNU Lesser General Public License' url='http://www.gnu.org/licenses/lgpl.txt'/></l:dependency><l:dependency name='Xerces2-j' groupId='xerces' artifactId='xercesImpl' version='2.11.0' url='https://xerces.apache.org/xerces2-j/'><l:description>Xerces2 is the next generation of high performance, fully compliant XML parsers in the Apache Xerces family. This new version of Xerces introduces the Xerces Native Interface (XNI), a complete framework for building parser components and configurations that is extremely modular and easy to program.

    The Apache Xerces2 parser is the reference implementation of XNI but other parser components, configurations, and parsers can be written using the Xerces Native Interface. For complete design and implementation documents, refer to the XNI Manual.

    Xerces2 is a fully conforming XML Schema 1.0 processor. A partial experimental implementation of the XML Schema 1.1 Structures and Datatypes Working Drafts (December 2009) and an experimental implementation of the XML Schema Definition Language (XSD): Component Designators (SCD) Candidate Recommendation (January 2010) are provided for evaluation. For more information, refer to the XML Schema page.

    Xerces2 also provides a complete implementation of the Document Object Model Level 3 Core and Load/Save W3C Recommendations and provides a complete implementation of the XML Inclusions (XInclude) W3C Recommendation. It also provides support for OASIS XML Catalogs v1.1.

    Xerces2 is able to parse documents written according to the XML 1.1 Recommendation, except that it does not yet provide an option to enable normalization checking as described in section 2.13 of this specification. It also handles namespaces according to the XML Namespaces 1.1 Recommendation, and will correctly serialize XML 1.1 documents if the DOM level 3 load/save APIs are in use.</l:description><l:license name='The Apache Software License, Version 2.0' url='http://www.apache.org/licenses/LICENSE-2.0.txt'/></l:dependency><l:dependency name='Apache HttpCore' groupId='org.apache.httpcomponents' artifactId='httpcore' version='4.4.3' url='http://hc.apache.org/httpcomponents-core-ga'><l:description>Apache HttpComponents Core (blocking I/O)</l:description><l:license name='Apache License, Version 2.0' url='http://www.apache.org/licenses/LICENSE-2.0.txt'/></l:dependency><l:dependency name='Apache Commons Codec' groupId='commons-codec' artifactId='commons-codec' version='1.10' url='http://commons.apache.org/proper/commons-codec/'><l:description>The Apache Commons Codec package contains simple encoder and decoders for
     various formats such as Base64 and Hexadecimal.  In addition to these
     widely used encoders and decoders, the codec package also maintains a
     collection of phonetic encoding utilities.</l:description><l:license name='Apache License, Version 2.0' url='http://www.apache.org/licenses/LICENSE-2.0.txt'/></l:dependency><l:dependency name='Jetty :: Utilities' groupId='org.eclipse.jetty' artifactId='jetty-util' version='9.2.13.v20150730' url='http://www.eclipse.org/jetty'><l:description>Utility classes for Jetty</l:description><l:license name='Apache Software License - Version 2.0' url='http://www.apache.org/licenses/LICENSE-2.0'/><l:license name='Eclipse Public License - Version 1.0' url='http://www.eclipse.org/org/documents/epl-v10.php'/></l:dependency><l:dependency name='Jetty :: Websocket :: API' groupId='org.eclipse.jetty.websocket' artifactId='websocket-api' version='9.2.13.v20150730' url='http://www.eclipse.org/jetty/websocket-api'><l:description>Administrative parent pom for Jetty modules</l:description><l:license name='Apache Software License - Version 2.0' url='http://www.apache.org/licenses/LICENSE-2.0'/><l:license name='Eclipse Public License - Version 1.0' url='http://www.eclipse.org/org/documents/epl-v10.php'/></l:dependency><l:dependency name='Jetty :: Websocket :: Common' groupId='org.eclipse.jetty.websocket' artifactId='websocket-common' version='9.2.13.v20150730' url='http://www.eclipse.org/jetty/websocket-common'><l:description>Administrative parent pom for Jetty modules</l:description><l:license name='Apache Software License - Version 2.0' url='http://www.apache.org/licenses/LICENSE-2.0'/><l:license name='Eclipse Public License - Version 1.0' url='http://www.eclipse.org/org/documents/epl-v10.php'/></l:dependency><l:dependency name='Neko HTML' groupId='net.sourceforge.nekohtml' artifactId='nekohtml' version='1.9.22' url='http://nekohtml.sourceforge.net/'><l:description>An HTML parser and tag balancer.</l:description><l:license name='The Apache Software License, Version 2.0' url='http://www.apache.org/licenses/LICENSE-2.0.txt'/></l:dependency></l:dependencies>